Benchmark Data, Timeslots, After Largest Degree, After Kempe, After Pairswap
car-f-92,29,9.16396112709702,6.030837721917585,5.944079483142407
car-s-91,30,12.005790251107829,7.696661742983752,7.664579025110783
kfu-s-93,19,36.81491867638811,17.439521405870256,17.035146756403066
tre-s-92,23,14.181651376146789,9.404357798165137,9.332798165137614
yor-f-83,21,47.83103081827843,37.4144527098831,37.4144527098831
