Benchmark Data,Timeslots,Penalty,Timeslots,After Largest Degree,After Kempe,After Pairswap
car-f-92,32,3.74,32,10.615288560725338,5.570552147239264,5.532602204245616
car-s-91,35,4.42,34,11.495716395864106,6.944047267355982,6.902511078286558
kfu-s-93,20,12.69,20,46.51598429613012,17.592260235558047,16.711534866330155
tre-s-92,23,7.75,23,15.90091743119266,10.073165137614678,9.915366972477065
yor-f-83,21,34.84,23,64.68862911795962,36.807651434643994,36.69606801275239
