Benchmark Data, Timeslots, After Largest Degree, After Kempe, After Pairswap
car-f-92,29,5.748411965904772,3.9566751723763507,3.9566751723763507
car-s-91,30,7.379143279172821,4.986233382570163,4.986233382570163
kfu-s-93,19,20.826322677135913,12.206019816788185,12.206019816788185
tre-s-92,23,8.796788990825688,6.2623853211009175,6.2623853211009175
yor-f-83,21,28.20828905419766,23.162592986184908,23.162592986184908
