Benchmark Data, Timeslots, After Largest Degree, After Kempe, After Pairswap
car-f-92,35,9.658667680112927,4.776589391389326,4.6902654867256635
car-s-91,36,12.048567208271788,6.173825701624815,6.0948892171344164
kfu-s-93,21,40.34866330155169,14.939988782950085,14.593568891381567
tre-s-92,22,14.518119266055045,9.986238532110091,9.835321100917431
yor-f-83,25,48.558979808714135,28.35069075451647,28.316684378320936
