Benchmark Data, Timeslots, After Largest Degree, After Kempe, After Pairswap
car-f-92,44,7.792334002931756,3.541777512351376,3.368152451273142
car-s-91,46,8.564076809453471,4.490930576070901,4.383515509601182
kfu-s-93,27,32.16264722378015,9.324733595064497,8.731725556178725
tre-s-92,27,12.15848623853211,7.711926605504587,7.6240825688073395
yor-f-83,27,40.65249734325186,26.353878852284804,26.294367693942615
